ISO3,Countries and areas,Region,Sub-region,Development Regions,Total,Female,Male,Rural,Urban,Wealth_Poorest,Wealth_Second,Wealth_Middle,Wealth_Fourth,Wealth_Richest,Level
AFG,Afghanistan,SA,SA,Least Developed,54,40,67,48,71,45,46,43,60,75,Primary
ALB,Albania,ECA,EECA,More Developed,95,96,94,93,96,93,93,96,94,98,Primary
DZA,Algeria,MENA,MENA,Less Developed,93,93,93,90,95,84,94,94,96,99,Primary
AND,Andorra,ECA,WE,More Developed,,,,,,,,,,,Primary
AGO,Angola,SSA,ESA,Least Developed,60,57,63,27,74,19,30,61,77,89,Primary
AIA,Anguilla,LAC,LAC,Not Classified,,,,,,,,,,,Primary
ATG,Antigua and Barbuda,LAC,LAC,Less Developed,,,,,,,,,,,Primary
ARG,Argentina,LAC,LAC,Less Developed,92,94,91,,,86,92,93,98,95,Primary
ARM,Armenia,ECA,EECA,Less Developed,99,99,99,100,99,99,100,98,100,100,Primary
AUS,Australia,EAP,EAP,More Developed,,,,,,,,,,,Primary
AUT,Austria,ECA,WE,More Developed,,,,,,,,,,,Primary
AZE,Azerbaijan,ECA,EECA,Less Developed,,,,,,,,,,,Primary
BHS,Bahamas,LAC,LAC,Less Developed,,,,,,,,,,,Primary
BHR,Bahrain,MENA,MENA,Less Developed,,,,,,,,,,,Primary
BGD,Bangladesh,SA,SA,Least Developed,83,89,76,83,83,70,80,87,87,92,Primary
BRB,Barbados,LAC,LAC,Less Developed,99,99,99,99,99,97,98,100,99,100,Primary
BLR,Belarus,ECA,EECA,More Developed,100,100,100,100,100,100,99,100,100,100,Primary
BEL,Belgium,ECA,WE,More Developed,,,,,,,,,,,Primary
BLZ,Belize,LAC,LAC,Less Developed,95,96,95,95,97,89,94,98,100,99,Primary
BEN,Benin,SSA,WCA,Least Developed,48,44,51,41,58,21,33,45,58,76,Primary
BTN,Bhutan,SA,SA,Least Developed,69,71,67,60,89,43,55,68,83,90,Primary
BOL,Bolivia (Plurinational State of),LAC,LAC,Less Developed,,,,,,,,,,,Primary
BIH,Bosnia and Herzegovina,ECA,EECA,More Developed,100,100,99,99,100,100,100,98,100,100,Primary
BWA,Botswana,SSA,ESA,Less Developed,96,98,95,93,98,,,,,,Primary
BRA,Brazil,LAC,LAC,Less Developed,96,97,95,92,96,92,96,97,98,99,Primary
VGB,British Virgin Islands,LAC,LAC,Not Classified,,,,,,,,,,,Primary
BRN,Brunei Darussalam,EAP,EAP,Less Developed,,,,,,,,,,,Primary
BGR,Bulgaria,ECA,EECA,More Developed,,,,,,,,,,,Primary
BFA,Burkina Faso,SSA,WCA,Least Developed,31,29,32,21,58,10,17,22,35,60,Primary
BDI,Burundi,SSA,ESA,Least Developed,50,54,46,47,70,26,39,54,57,64,Primary
CPV,Cabo Verde,SSA,WCA,Less Developed,,,,,,,,,,,Primary
KHM,Cambodia,EAP,EAP,Least Developed,73,79,68,71,85,48,64,75,86,90,Primary
CMR,Cameroon,SSA,WCA,Less Developed,74,74,75,58,89,33,64,79,91,96,Primary
CAN,Canada,NA,NA,More Developed,,,,,,,,,,,Primary
CAF,Central African Republic,SSA,WCA,Least Developed,43,33,54,27,62,14,20,34,54,70,Primary
TCD,Chad,SSA,WCA,Least Developed,27,24,31,19,53,16,18,19,20,57,Primary
CHL,Chile,LAC,LAC,Less Developed,96,97,96,96,96,,,,,,Primary
CHN,China,EAP,EAP,Less Developed,97,97,97,96,98,,,,,,Primary
COL,Colombia,LAC,LAC,Less Developed,93,95,91,87,95,84,92,95,98,98,Primary
COM,Comoros,SSA,ESA,Least Developed,76,77,75,71,86,50,71,80,83,91,Primary
COG,Congo,SSA,WCA,Less Developed,80,82,78,55,90,42,71,85,92,96,Primary
COK,Cook Islands,EAP,EAP,Less Developed,,,,,,,,,,,Primary
CRI,Costa Rica,LAC,LAC,Less Developed,98,99,98,98,98,95,99,98,99,100,Primary
CIV,Côte d'Ivoire,SSA,WCA,Less Developed,56,53,60,39,70,24,49,54,67,75,Primary
HRV,Croatia,ECA,EECA,More Developed,,,,,,,,,,,Primary
CUB,Cuba,LAC,LAC,Less Developed,99,98,100,100,99,,,,,,Primary
CYP,Cyprus,ECA,WE,More Developed,,,,,,,,,,,Primary
CZE,Czechia,ECA,WE,More Developed,,,,,,,,,,,Primary
PRK,Democratic People's Republic of Korea,EAP,EAP,Less Developed,100,100,100,100,100,100,,,,,Primary
COD,Democratic Republic of the Congo,SSA,WCA,Least Developed,67,66,67,53,81,42,53,63,75,93,Primary
DNK,Denmark,ECA,WE,More Developed,,,,,,,,,,,Primary
DJI,Djibouti,SSA,ESA,Least Developed,,,,,,,,,,,Primary
DMA,Dominica,LAC,LAC,Less Developed,,,,,,,,,,,Primary
DOM,Dominican Republic,LAC,LAC,Less Developed,91,94,88,86,93,77,90,93,97,99,Primary
ECU,Ecuador,LAC,LAC,Less Developed,98,98,98,98,99,,,,,,Primary
EGY,Egypt,MENA,MENA,Less Developed,91,92,91,90,93,87,89,91,92,97,Primary
SLV,El Salvador,LAC,LAC,Less Developed,86,89,84,81,91,71,83,91,96,97,Primary
GNQ,Equatorial Guinea,SSA,WCA,Less Developed,,,,,,,,,,,Primary
ERI,Eritrea,SSA,ESA,Least Developed,,,,,,,,,,,Primary
EST,Estonia,ECA,WE,More Developed,,,,,,,,,,,Primary
SWZ,Eswatini,SSA,ESA,Less Developed,70,77,64,67,85,54,62,70,84,89,Primary
ETH,Ethiopia,SSA,ESA,Least Developed,47,48,47,40,78,26,30,41,49,75,Primary
FJI,Fiji,EAP,EAP,Less Developed,,,,,,,,,,,Primary
FIN,Finland,ECA,WE,More Developed,,,,,,,,,,,Primary
FRA,France,ECA,WE,More Developed,,,,,,,,,,,Primary
GAB,Gabon,SSA,WCA,Less Developed,71,75,66,33,76,33,67,75,81,91,Primary
GMB,Gambia,SSA,WCA,Least Developed,62,60,64,46,75,49,54,51,67,85,Primary
GEO,Georgia,ECA,EECA,Less Developed,100,100,100,100,100,100,100,100,100,100,Primary
DEU,Germany,ECA,WE,More Developed,,,,,,,,,,,Primary
GHA,Ghana,SSA,WCA,Less Developed,71,73,69,65,79,52,65,75,81,86,Primary
GRC,Greece,ECA,WE,More Developed,,,,,,,,,,,Primary
GRD,Grenada,LAC,LAC,Less Developed,,,,,,,,,,,Primary
GTM,Guatemala,LAC,LAC,Less Developed,78,76,80,72,87,56,71,78,91,96,Primary
GIN,Guinea,SSA,WCA,Least Developed,45,39,52,27,67,15,28,34,55,73,Primary
GNB,Guinea-Bissau,SSA,WCA,Least Developed,27,25,29,14,47,10,14,17,33,57,Primary
GUY,Guyana,LAC,LAC,Less Developed,97,99,96,97,97,94,98,96,99,99,Primary
HTI,Haiti,LAC,LAC,Least Developed,54,58,49,43,70,22,41,53,71,80,Primary
VAT,Holy See,ECA,WE,Not Classified,,,,,,,,,,,Primary
HND,Honduras,LAC,LAC,Less Developed,84,87,81,80,87,76,82,87,88,91,Primary
HUN,Hungary,ECA,WE,More Developed,,,,,,,,,,,Primary
ISL,Iceland,ECA,WE,More Developed,,,,,,,,,,,Primary
IND,India,SA,SA,Less Developed,91,91,92,91,93,80,91,94,96,99,Primary
IDN,Indonesia,EAP,EAP,Less Developed,91,92,91,88,96,85,90,92,95,97,Primary
IRN,Iran (Islamic Republic of),MENA,MENA,Less Developed,,,,,,,,,,,Primary
IRQ,Iraq,MENA,MENA,Less Developed,76,73,78,69,79,54,68,77,87,93,Primary
IRL,Ireland,ECA,WE,More Developed,,,,,,,,,,,Primary
ISR,Israel,MENA,MENA,More Developed,,,,,,,,,,,Primary
ITA,Italy,ECA,WE,More Developed,,,,,,,,,,,Primary
JAM,Jamaica,LAC,LAC,Less Developed,99,100,99,100,99,98,100,100,100,100,Primary
JPN,Japan,EAP,EAP,More Developed,,,,,,,,,,,Primary
JOR,Jordan,MENA,MENA,Less Developed,96,97,96,97,96,91,97,98,99,97,Primary
KAZ,Kazakhstan,ECA,EECA,Less Developed,100,100,100,100,100,100,100,100,100,100,Primary
KEN,Kenya,SSA,ESA,Less Developed,79,82,77,76,87,58,75,84,90,94,Primary
KIR,Kiribati,EAP,EAP,Least Developed,94,96,92,93,96,88,93,96,97,96,Primary
KWT,Kuwait,MENA,MENA,Less Developed,,,,,,,,,,,Primary
KGZ,Kyrgyzstan,ECA,EECA,Less Developed,99,100,99,99,100,100,100,99,99,99,Primary
LAO,Lao People's Democratic Republic,EAP,EAP,Least Developed,83,83,84,79,95,58,80,91,97,98,Primary
LVA,Latvia,ECA,WE,More Developed,,,,,,,,,,,Primary
LBN,Lebanon,MENA,MENA,Less Developed,,,,,,,,,,,Primary
LSO,Lesotho,SSA,ESA,Least Developed,80,92,69,74,92,58,77,82,87,96,Primary
LBR,Liberia,SSA,WCA,Least Developed,34,33,36,15,44,10,12,23,39,57,Primary
LBY,Libya,MENA,MENA,Less Developed,,,,,,,,,,,Primary
LIE,Liechtenstein,ECA,WE,More Developed,,,,,,,,,,,Primary
LTU,Lithuania,ECA,WE,More Developed,,,,,,,,,,,Primary
LUX,Luxembourg,ECA,WE,More Developed,,,,,,,,,,,Primary
MDG,Madagascar,SSA,ESA,Least Developed,56,60,52,50,74,18,38,57,73,89,Primary
MWI,Malawi,SSA,ESA,Least Developed,47,52,43,43,73,25,34,43,54,73,Primary
MYS,Malaysia,EAP,EAP,Less Developed,,,,,,,,,,,Primary
MDV,Maldives,SA,SA,Less Developed,,,,,,,,,,,Primary
MLI,Mali,SSA,WCA,Least Developed,45,41,50,36,75,16,25,38,55,79,Primary
MLT,Malta,ECA,WE,More Developed,,,,,,,,,,,Primary
MHL,Marshall Islands,EAP,EAP,Less Developed,,,,,,,,,,,Primary
MRT,Mauritania,SSA,WCA,Least Developed,63,58,68,54,72,49,51,61,69,86,Primary
MUS,Mauritius,SSA,ESA,Less Developed,,,,,,,,,,,Primary
MEX,Mexico,LAC,LAC,Less Developed,98,98,98,97,98,,,,,,Primary
FSM,Micronesia (Federated States of),EAP,EAP,Less Developed,,,,,,,,,,,Primary
MCO,Monaco,ECA,WE,More Developed,,,,,,,,,,,Primary
MNG,Mongolia,EAP,EAP,Less Developed,97,98,96,96,98,93,97,100,99,99,Primary
MNE,Montenegro,ECA,EECA,More Developed,96,98,95,98,95,89,95,100,100,98,Primary
MSR,Montserrat,LAC,LAC,Not Classified,,,,,,,,,,,Primary
MAR,Morocco,MENA,MENA,Less Developed,,,,,,,,,,,Primary
MOZ,Mozambique,SSA,ESA,Least Developed,41,39,44,25,67,11,15,31,47,78,Primary
MMR,Myanmar,EAP,EAP,Least Developed,83,84,82,81,90,64,84,88,90,92,Primary
NAM,Namibia,SSA,ESA,Less Developed,81,86,75,74,89,66,69,82,89,97,Primary
NRU,Nauru,EAP,EAP,Less Developed,,,,,,,,,,,Primary
NPL,Nepal,SA,SA,Least Developed,82,83,81,79,83,76,79,80,84,96,Primary
NLD,Netherlands,ECA,WE,More Developed,,,,,,,,,,,Primary
NZL,New Zealand,EAP,EAP,More Developed,,,,,,,,,,,Primary
NIC,Nicaragua,LAC,LAC,Less Developed,,,,,,,,,,,Primary
NER,Niger,SSA,WCA,Least Developed,29,24,35,19,61,8,20,17,25,58,Primary
NGA,Nigeria,SSA,WCA,Less Developed,71,71,71,57,87,27,57,79,92,96,Primary
NIU,Niue,EAP,EAP,Less Developed,,,,,,,,,,,Primary
MKD,North Macedonia,ECA,EECA,More Developed,98,100,97,99,98,97,97,99,100,100,Primary
NOR,Norway,ECA,WE,More Developed,,,,,,,,,,,Primary
OMN,Oman,MENA,MENA,Less Developed,,,,,,,,,,,Primary
PAK,Pakistan,SA,SA,Less Developed,60,55,64,52,75,28,48,64,78,92,Primary
PLW,Palau,EAP,EAP,Less Developed,,,,,,,,,,,Primary
PAN,Panama,LAC,LAC,Less Developed,95,96,95,88,99,81,98,99,99,100,Primary
PNG,Papua New Guinea,EAP,EAP,Less Developed,,,,,,,,,,,Primary
PRY,Paraguay,LAC,LAC,Less Developed,94,96,93,91,96,89,93,94,99,98,Primary
PER,Peru,LAC,LAC,Less Developed,95,95,95,92,96,88,95,96,97,99,Primary
PHL,Philippines,EAP,EAP,Less Developed,92,95,89,91,93,78,92,94,97,98,Primary
POL,Poland,ECA,WE,More Developed,,,,,,,,,,,Primary
PRT,Portugal,ECA,WE,More Developed,,,,,,,,,,,Primary
QAT,Qatar,MENA,MENA,Less Developed,,,,,,,,,,,Primary
KOR,Republic of Korea,EAP,EAP,Less Developed,,,,,,,,,,,Primary
MDA,Republic of Moldova,ECA,EECA,More Developed,99,99,99,99,99,97,99,99,100,100,Primary
ROU,Romania,ECA,EECA,More Developed,,,,,,,,,,,Primary
RUS,Russian Federation,ECA,EECA,More Developed,,,,,,,,,,,Primary
RWA,Rwanda,SSA,ESA,Least Developed,54,61,48,51,68,33,47,55,60,67,Primary
KNA,Saint Kitts and Nevis,LAC,LAC,Less Developed,,,,,,,,,,,Primary
LCA,Saint Lucia,LAC,LAC,Less Developed,99,99,99,99,100,98,98,100,100,100,Primary
VCT,Saint Vincent and the Grenadines,LAC,LAC,Less Developed,,,,,,,,,,,Primary
WSM,Samoa,EAP,EAP,Less Developed,,,,,,,,,,,Primary
SMR,San Marino,ECA,WE,More Developed,,,,,,,,,,,Primary
STP,Sao Tome and Principe,SSA,WCA,Least Developed,83,86,79,77,85,72,71,79,89,95,Primary
SAU,Saudi Arabia,MENA,MENA,Less Developed,,,,,,,,,,,Primary
SEN,Senegal,SSA,WCA,Least Developed,47,50,44,34,64,26,39,42,55,75,Primary
SRB,Serbia,ECA,EECA,More Developed,99,100,99,99,100,96,100,100,100,100,Primary
SYC,Seychelles,SSA,ESA,Less Developed,,,,,,,,,,,Primary
SLE,Sierra Leone,SSA,WCA,Least Developed,64,65,63,45,83,33,40,62,82,87,Primary
SGP,Singapore,EAP,EAP,Less Developed,,,,,,,,,,,Primary
SVK,Slovakia,ECA,WE,More Developed,,,,,,,,,,,Primary
SVN,Slovenia,ECA,WE,More Developed,,,,,,,,,,,Primary
SLB,Solomon Islands,EAP,EAP,Least Developed,,,,,,,,,,,Primary
SOM,Somalia,SSA,ESA,Least Developed,,,,,,,,,,,Primary
ZAF,South Africa,SSA,ESA,Less Developed,96,98,95,95,97,91,97,97,99,99,Primary
SSD,South Sudan,SSA,ESA,Least Developed,25,18,31,19,39,7,10,18,30,46,Primary
ESP,Spain,ECA,WE,More Developed,,,,,,,,,,,Primary
LKA,Sri Lanka,SA,SA,Less Developed,99,99,99,99,99,98,99,99,100,100,Primary
PSE,State of Palestine,MENA,MENA,Less Developed,99,100,99,99,99,99,99,99,100,99,Primary
SDN,Sudan,SSA,ESA,Least Developed,65,64,66,57,81,42,50,58,84,94,Primary
SUR,Suriname,LAC,LAC,Less Developed,85,90,80,77,89,67,82,91,95,98,Primary
SWE,Sweden,ECA,WE,More Developed,,,,,,,,,,,Primary
CHE,Switzerland,ECA,WE,More Developed,,,,,,,,,,,Primary
SYR,Syrian Arab Republic,MENA,MENA,Less Developed,,,,,,,,,,,Primary
TJK,Tajikistan,ECA,EECA,Less Developed,98,98,99,99,97,98,99,99,100,96,Primary
THA,Thailand,EAP,EAP,Less Developed,99,99,98,98,99,97,97,99,99,100,Primary
TLS,Timor-Leste,EAP,EAP,Least Developed,81,85,77,76,92,60,71,78,90,96,Primary
TGO,Togo,SSA,WCA,Least Developed,80,76,83,76,86,62,77,82,87,88,Primary
TKL,Tokelau,EAP,EAP,Not Classified,,,,,,,,,,,Primary
TON,Tonga,EAP,EAP,Less Developed,98,99,98,99,96,97,98,98,99,99,Primary
TTO,Trinidad and Tobago,LAC,LAC,Less Developed,,,,,,,,,,,Primary
TUN,Tunisia,MENA,MENA,Less Developed,95,97,94,91,97,88,94,98,97,99,Primary
TUR,Turkey,ECA,EECA,Less Developed,98,98,99,96,99,96,98,99,100,100,Primary
TKM,Turkmenistan,ECA,EECA,Less Developed,100,100,100,100,100,100,100,99,100,100,Primary
TCA,Turks and Caicos Islands,LAC,LAC,Not Classified,,,,,,,,,,,Primary
TUV,Tuvalu,EAP,EAP,Least Developed,,,,,,,,,,,Primary
UGA,Uganda,SSA,ESA,Least Developed,41,43,39,36,61,17,25,40,52,69,Primary
UKR,Ukraine,ECA,EECA,More Developed,100,99,100,99,100,100,98,100,100,100,Primary
ARE,United Arab Emirates,MENA,MENA,Less Developed,,,,,,,,,,,Primary
GBR,United Kingdom,ECA,WE,More Developed,,,,,,,,,,,Primary
TZA,United Republic of Tanzania,SSA,ESA,Least Developed,80,84,75,74,89,61,68,78,86,94,Primary
USA,United States,NA,NA,More Developed,,,,,,,,,,,Primary
URY,Uruguay,LAC,LAC,Less Developed,97,98,96,97,97,93,100,99,95,100,Primary
UZB,Uzbekistan,ECA,EECA,Less Developed,,,,,,,,,,,Primary
VUT,Vanuatu,EAP,EAP,Least Developed,,,,,,,,,,,Primary
VEN,Venezuela (Bolivarian Republic of),LAC,LAC,Less Developed,,,,,,,,,,,Primary
VNM,Viet Nam,EAP,EAP,Less Developed,97,97,96,96,99,90,98,99,99,99,Primary
YEM,Yemen,MENA,MENA,Least Developed,63,55,70,56,79,33,53,66,74,86,Primary
ZMB,Zambia,SSA,ESA,Least Developed,72,73,71,61,87,39,56,75,86,93,Primary
ZWE,Zimbabwe,SSA,ESA,Less Developed,89,92,86,86,97,78,86,89,93,98,Primary
AFG,Afghanistan,SA,SA,Least Developed,37,26,49,31,55,24,29,29,39,60,Lower_secondary
ALB,Albania,ECA,EECA,More Developed,98,97,98,98,98,95,97,98,99,99,Lower_secondary
DZA,Algeria,MENA,MENA,Less Developed,57,65,49,47,62,38,49,55,64,78,Lower_secondary
AND,Andorra,ECA,WE,More Developed,,,,,,,,,,,Lower_secondary
AGO,Angola,SSA,ESA,Least Developed,37,32,42,9,47,4,7,24,48,72,Lower_secondary
AIA,Anguilla,LAC,LAC,Not Classified,,,,,,,,,,,Lower_secondary
ATG,Antigua and Barbuda,LAC,LAC,Less Developed,,,,,,,,,,,Lower_secondary
ARG,Argentina,LAC,LAC,Less Developed,74,79,70,,,52,69,76,85,95,Lower_secondary
ARM,Armenia,ECA,EECA,Less Developed,97,99,95,95,99,93,96,96,100,100,Lower_secondary
AUS,Australia,EAP,EAP,More Developed,,,,,,,,,,,Lower_secondary
AUT,Austria,ECA,WE,More Developed,,,,,,,,,,,Lower_secondary
AZE,Azerbaijan,ECA,EECA,Less Developed,,,,,,,,,,,Lower_secondary
BHS,Bahamas,LAC,LAC,Less Developed,,,,,,,,,,,Lower_secondary
BHR,Bahrain,MENA,MENA,Less Developed,,,,,,,,,,,Lower_secondary
BGD,Bangladesh,SA,SA,Least Developed,65,71,59,64,67,43,58,68,71,83,Lower_secondary
BRB,Barbados,LAC,LAC,Less Developed,98,98,98,98,98,95,99,100,98,97,Lower_secondary
BLR,Belarus,ECA,EECA,More Developed,100,100,100,100,100,100,100,100,100,100,Lower_secondary
BEL,Belgium,ECA,WE,More Developed,,,,,,,,,,,Lower_secondary
BLZ,Belize,LAC,LAC,Less Developed,60,66,55,49,74,32,46,64,80,89,Lower_secondary
BEN,Benin,SSA,WCA,Least Developed,19,13,25,12,28,4,10,14,21,42,Lower_secondary
BTN,Bhutan,SA,SA,Least Developed,39,38,41,29,63,17,19,30,50,76,Lower_secondary
BOL,Bolivia (Plurinational State of),LAC,LAC,Less Developed,,,,,,,,,,,Lower_secondary
BIH,Bosnia and Herzegovina,ECA,EECA,More Developed,97,97,97,96,98,91,94,99,98,100,Lower_secondary
BWA,Botswana,SSA,ESA,Less Developed,92,92,92,84,95,,,,,,Lower_secondary
BRA,Brazil,LAC,LAC,Less Developed,85,89,81,74,87,73,82,89,94,97,Lower_secondary
VGB,British Virgin Islands,LAC,LAC,Not Classified,,,,,,,,,,,Lower_secondary
BRN,Brunei Darussalam,EAP,EAP,Less Developed,,,,,,,,,,,Lower_secondary
BGR,Bulgaria,ECA,EECA,More Developed,,,,,,,,,,,Lower_secondary
BFA,Burkina Faso,SSA,WCA,Least Developed,9,6,13,3,22,1,2,2,5,24,Lower_secondary
BDI,Burundi,SSA,ESA,Least Developed,22,19,26,19,42,7,11,19,24,40,Lower_secondary
CPV,Cabo Verde,SSA,WCA,Less Developed,,,,,,,,,,,Lower_secondary
KHM,Cambodia,EAP,EAP,Least Developed,40,39,41,34,66,17,22,36,52,64,Lower_secondary
CMR,Cameroon,SSA,WCA,Less Developed,47,43,52,27,64,9,20,43,60,85,Lower_secondary
CAN,Canada,NA,NA,More Developed,,,,,,,,,,,Lower_secondary
CAF,Central African Republic,SSA,WCA,Least Developed,11,8,16,3,23,1,2,3,12,34,Lower_secondary
TCD,Chad,SSA,WCA,Least Developed,14,10,18,5,36,5,5,5,7,39,Lower_secondary
CHL,Chile,LAC,LAC,Less Developed,96,97,94,95,96,,,,,,Lower_secondary
CHN,China,EAP,EAP,Less Developed,93,93,93,88,97,,,,,,Lower_secondary
COL,Colombia,LAC,LAC,Less Developed,78,81,74,57,83,51,71,80,90,95,Lower_secondary
COM,Comoros,SSA,ESA,Least Developed,46,45,47,41,57,20,36,48,55,62,Lower_secondary
COG,Congo,SSA,WCA,Less Developed,50,45,56,18,60,7,25,46,65,84,Lower_secondary
COK,Cook Islands,EAP,EAP,Less Developed,,,,,,,,,,,Lower_secondary
CRI,Costa Rica,LAC,LAC,Less Developed,73,76,70,68,75,51,63,77,88,91,Lower_secondary
CIV,Côte d'Ivoire,SSA,WCA,Less Developed,28,22,36,11,42,4,14,25,31,57,Lower_secondary
HRV,Croatia,ECA,EECA,More Developed,,,,,,,,,,,Lower_secondary
CUB,Cuba,LAC,LAC,Less Developed,96,98,95,95,97,,,,,,Lower_secondary
CYP,Cyprus,ECA,WE,More Developed,,,,,,,,,,,Lower_secondary
CZE,Czechia,ECA,WE,More Developed,,,,,,,,,,,Lower_secondary
PRK,Democratic People's Republic of Korea,EAP,EAP,Less Developed,100,100,100,100,100,100,,,,,Lower_secondary
COD,Democratic Republic of the Congo,SSA,WCA,Least Developed,54,52,58,39,71,31,38,47,65,84,Lower_secondary
DNK,Denmark,ECA,WE,More Developed,,,,,,,,,,,Lower_secondary
DJI,Djibouti,SSA,ESA,Least Developed,,,,,,,,,,,Lower_secondary
DMA,Dominica,LAC,LAC,Less Developed,,,,,,,,,,,Lower_secondary
DOM,Dominican Republic,LAC,LAC,Less Developed,83,89,76,75,85,58,78,88,92,97,Lower_secondary
ECU,Ecuador,LAC,LAC,Less Developed,90,92,89,84,94,,,,,,Lower_secondary
EGY,Egypt,MENA,MENA,Less Developed,80,81,79,77,86,70,73,82,84,95,Lower_secondary
SLV,El Salvador,LAC,LAC,Less Developed,73,74,73,59,82,47,65,76,86,96,Lower_secondary
GNQ,Equatorial Guinea,SSA,WCA,Less Developed,,,,,,,,,,,Lower_secondary
ERI,Eritrea,SSA,ESA,Least Developed,,,,,,,,,,,Lower_secondary
EST,Estonia,ECA,WE,More Developed,,,,,,,,,,,Lower_secondary
SWZ,Eswatini,SSA,ESA,Less Developed,50,54,47,46,67,25,42,46,64,78,Lower_secondary
ETH,Ethiopia,SSA,ESA,Least Developed,21,22,19,11,58,4,7,9,16,55,Lower_secondary
FJI,Fiji,EAP,EAP,Less Developed,,,,,,,,,,,Lower_secondary
FIN,Finland,ECA,WE,More Developed,,,,,,,,,,,Lower_secondary
FRA,France,ECA,WE,More Developed,,,,,,,,,,,Lower_secondary
GAB,Gabon,SSA,WCA,Less Developed,32,33,32,14,35,11,22,29,37,60,Lower_secondary
GMB,Gambia,SSA,WCA,Least Developed,49,48,50,27,64,27,33,37,56,75,Lower_secondary
GEO,Georgia,ECA,EECA,Less Developed,98,98,98,95,99,93,97,98,99,100,Lower_secondary
DEU,Germany,ECA,WE,More Developed,,,,,,,,,,,Lower_secondary
GHA,Ghana,SSA,WCA,Less Developed,47,50,45,36,61,23,27,47,65,81,Lower_secondary
GRC,Greece,ECA,WE,More Developed,,,,,,,,,,,Lower_secondary
GRD,Grenada,LAC,LAC,Less Developed,,,,,,,,,,,Lower_secondary
GTM,Guatemala,LAC,LAC,Less Developed,48,45,52,35,64,15,27,42,66,85,Lower_secondary
GIN,Guinea,SSA,WCA,Least Developed,25,20,33,8,46,3,6,11,29,55,Lower_secondary
GNB,Guinea-Bissau,SSA,WCA,Least Developed,17,16,18,7,31,4,7,6,18,42,Lower_secondary
GUY,Guyana,LAC,LAC,Less Developed,84,88,80,82,89,66,77,88,92,94,Lower_secondary
HTI,Haiti,LAC,LAC,Least Developed,35,38,32,23,51,8,18,28,48,65,Lower_secondary
VAT,Holy See,ECA,WE,Not Classified,,,,,,,,,,,Lower_secondary
HND,Honduras,LAC,LAC,Less Developed,49,52,46,30,67,22,41,52,64,78,Lower_secondary
HUN,Hungary,ECA,WE,More Developed,,,,,,,,,,,Lower_secondary
ISL,Iceland,ECA,WE,More Developed,,,,,,,,,,,Lower_secondary
IND,India,SA,SA,Less Developed,81,79,82,79,86,59,75,84,90,96,Lower_secondary
IDN,Indonesia,EAP,EAP,Less Developed,62,59,64,47,78,41,52,59,69,81,Lower_secondary
IRN,Iran (Islamic Republic of),MENA,MENA,Less Developed,,,,,,,,,,,Lower_secondary
IRQ,Iraq,MENA,MENA,Less Developed,46,47,46,38,50,23,36,41,57,73,Lower_secondary
IRL,Ireland,ECA,WE,More Developed,,,,,,,,,,,Lower_secondary
ISR,Israel,MENA,MENA,More Developed,,,,,,,,,,,Lower_secondary
ITA,Italy,ECA,WE,More Developed,,,,,,,,,,,Lower_secondary
JAM,Jamaica,LAC,LAC,Less Developed,97,97,97,96,97,90,99,97,98,98,Lower_secondary
JPN,Japan,EAP,EAP,More Developed,,,,,,,,,,,Lower_secondary
JOR,Jordan,MENA,MENA,Less Developed,87,88,86,89,87,65,81,91,95,98,Lower_secondary
KAZ,Kazakhstan,ECA,EECA,Less Developed,100,100,100,100,100,99,100,100,100,100,Lower_secondary
KEN,Kenya,SSA,ESA,Less Developed,65,69,61,59,78,36,54,68,78,88,Lower_secondary
KIR,Kiribati,EAP,EAP,Least Developed,78,88,69,71,83,62,72,81,82,89,Lower_secondary
KWT,Kuwait,MENA,MENA,Less Developed,,,,,,,,,,,Lower_secondary
KGZ,Kyrgyzstan,ECA,EECA,Less Developed,99,99,99,99,99,96,100,99,100,99,Lower_secondary
LAO,Lao People's Democratic Republic,EAP,EAP,Least Developed,54,53,54,44,77,16,39,55,73,89,Lower_secondary
LVA,Latvia,ECA,WE,More Developed,,,,,,,,,,,Lower_secondary
LBN,Lebanon,MENA,MENA,Less Developed,,,,,,,,,,,Lower_secondary
LSO,Lesotho,SSA,ESA,Least Developed,44,55,33,31,68,12,29,43,60,73,Lower_secondary
LBR,Liberia,SSA,WCA,Least Developed,26,23,29,7,35,3,7,14,33,52,Lower_secondary
LBY,Libya,MENA,MENA,Less Developed,,,,,,,,,,,Lower_secondary
LIE,Liechtenstein,ECA,WE,More Developed,,,,,,,,,,,Lower_secondary
LTU,Lithuania,ECA,WE,More Developed,,,,,,,,,,,Lower_secondary
LUX,Luxembourg,ECA,WE,More Developed,,,,,,,,,,,Lower_secondary
MDG,Madagascar,SSA,ESA,Least Developed,26,27,26,19,49,3,7,15,35,67,Lower_secondary
MWI,Malawi,SSA,ESA,Least Developed,22,21,23,16,51,6,10,12,24,53,Lower_secondary
MYS,Malaysia,EAP,EAP,Less Developed,,,,,,,,,,,Lower_secondary
MDV,Maldives,SA,SA,Less Developed,,,,,,,,,,,Lower_secondary
MLI,Mali,SSA,WCA,Least Developed,30,25,36,22,55,5,12,21,34,63,Lower_secondary
MLT,Malta,ECA,WE,More Developed,,,,,,,,,,,Lower_secondary
MHL,Marshall Islands,EAP,EAP,Less Developed,,,,,,,,,,,Lower_secondary
MRT,Mauritania,SSA,WCA,Least Developed,46,40,53,40,51,41,30,43,47,61,Lower_secondary
MUS,Mauritius,SSA,ESA,Less Developed,,,,,,,,,,,Lower_secondary
MEX,Mexico,LAC,LAC,Less Developed,89,90,87,82,91,,,,,,Lower_secondary
FSM,Micronesia (Federated States of),EAP,EAP,Less Developed,,,,,,,,,,,Lower_secondary
MCO,Monaco,ECA,WE,More Developed,,,,,,,,,,,Lower_secondary
MNG,Mongolia,EAP,EAP,Less Developed,90,93,87,76,96,70,86,95,98,99,Lower_secondary
MNE,Montenegro,ECA,EECA,More Developed,95,97,93,96,94,77,99,99,100,100,Lower_secondary
MSR,Montserrat,LAC,LAC,Not Classified,,,,,,,,,,,Lower_secondary
MAR,Morocco,MENA,MENA,Less Developed,,,,,,,,,,,Lower_secondary
MOZ,Mozambique,SSA,ESA,Least Developed,13,11,15,5,24,1,2,4,10,34,Lower_secondary
MMR,Myanmar,EAP,EAP,Least Developed,45,45,45,33,69,13,24,41,61,75,Lower_secondary
NAM,Namibia,SSA,ESA,Less Developed,56,62,48,32,74,22,34,45,71,89,Lower_secondary
NRU,Nauru,EAP,EAP,Less Developed,,,,,,,,,,,Lower_secondary
NPL,Nepal,SA,SA,Least Developed,73,75,71,64,78,62,69,69,77,91,Lower_secondary
NLD,Netherlands,ECA,WE,More Developed,,,,,,,,,,,Lower_secondary
NZL,New Zealand,EAP,EAP,More Developed,,,,,,,,,,,Lower_secondary
NIC,Nicaragua,LAC,LAC,Less Developed,,,,,,,,,,,Lower_secondary
NER,Niger,SSA,WCA,Least Developed,6,4,10,1,21,1,1,1,2,19,Lower_secondary
NGA,Nigeria,SSA,WCA,Less Developed,63,59,66,47,81,18,44,67,84,93,Lower_secondary
NIU,Niue,EAP,EAP,Less Developed,,,,,,,,,,,Lower_secondary
MKD,North Macedonia,ECA,EECA,More Developed,94,95,93,95,93,84,95,96,97,100,Lower_secondary
NOR,Norway,ECA,WE,More Developed,,,,,,,,,,,Lower_secondary
OMN,Oman,MENA,MENA,Less Developed,,,,,,,,,,,Lower_secondary
PAK,Pakistan,SA,SA,Less Developed,50,45,55,40,67,13,34,52,68,86,Lower_secondary
PLW,Palau,EAP,EAP,Less Developed,,,,,,,,,,,Lower_secondary
PAN,Panama,LAC,LAC,Less Developed,78,81,75,63,86,53,67,81,92,96,Lower_secondary
PNG,Papua New Guinea,EAP,EAP,Less Developed,,,,,,,,,,,Lower_secondary
PRY,Paraguay,LAC,LAC,Less Developed,80,79,81,66,88,64,74,80,89,92,Lower_secondary
PER,Peru,LAC,LAC,Less Developed,83,83,83,63,89,52,74,86,93,98,Lower_secondary
PHL,Philippines,EAP,EAP,Less Developed,81,88,75,78,85,52,76,87,91,95,Lower_secondary
POL,Poland,ECA,WE,More Developed,,,,,,,,,,,Lower_secondary
PRT,Portugal,ECA,WE,More Developed,,,,,,,,,,,Lower_secondary
QAT,Qatar,MENA,MENA,Less Developed,,,,,,,,,,,Lower_secondary
KOR,Republic of Korea,EAP,EAP,Less Developed,,,,,,,,,,,Lower_secondary
MDA,Republic of Moldova,ECA,EECA,More Developed,97,98,95,96,98,84,93,98,99,100,Lower_secondary
ROU,Romania,ECA,EECA,More Developed,,,,,,,,,,,Lower_secondary
RUS,Russian Federation,ECA,EECA,More Developed,,,,,,,,,,,Lower_secondary
RWA,Rwanda,SSA,ESA,Least Developed,28,30,25,23,46,11,11,20,34,48,Lower_secondary
KNA,Saint Kitts and Nevis,LAC,LAC,Less Developed,,,,,,,,,,,Lower_secondary
LCA,Saint Lucia,LAC,LAC,Less Developed,92,98,85,92,91,86,87,96,95,97,Lower_secondary
VCT,Saint Vincent and the Grenadines,LAC,LAC,Less Developed,,,,,,,,,,,Lower_secondary
WSM,Samoa,EAP,EAP,Less Developed,,,,,,,,,,,Lower_secondary
SMR,San Marino,ECA,WE,More Developed,,,,,,,,,,,Lower_secondary
STP,Sao Tome and Principe,SSA,WCA,Least Developed,34,36,32,30,36,9,23,31,42,55,Lower_secondary
SAU,Saudi Arabia,MENA,MENA,Less Developed,,,,,,,,,,,Lower_secondary
SEN,Senegal,SSA,WCA,Least Developed,29,30,27,13,44,6,15,30,31,54,Lower_secondary
SRB,Serbia,ECA,EECA,More Developed,99,99,99,100,98,91,100,100,100,100,Lower_secondary
SYC,Seychelles,SSA,ESA,Less Developed,,,,,,,,,,,Lower_secondary
SLE,Sierra Leone,SSA,WCA,Least Developed,44,42,47,20,65,8,16,35,55,76,Lower_secondary
SGP,Singapore,EAP,EAP,Less Developed,,,,,,,,,,,Lower_secondary
SVK,Slovakia,ECA,WE,More Developed,,,,,,,,,,,Lower_secondary
SVN,Slovenia,ECA,WE,More Developed,,,,,,,,,,,Lower_secondary
SLB,Solomon Islands,EAP,EAP,Least Developed,,,,,,,,,,,Lower_secondary
SOM,Somalia,SSA,ESA,Least Developed,,,,,,,,,,,Lower_secondary
ZAF,South Africa,SSA,ESA,Less Developed,88,91,85,84,91,74,85,91,96,98,Lower_secondary
SSD,South Sudan,SSA,ESA,Least Developed,15,10,22,10,25,3,6,9,13,31,Lower_secondary
ESP,Spain,ECA,WE,More Developed,,,,,,,,,,,Lower_secondary
LKA,Sri Lanka,SA,SA,Less Developed,95,96,94,95,95,89,96,96,98,98,Lower_secondary
PSE,State of Palestine,MENA,MENA,Less Developed,86,93,80,88,86,77,86,84,89,93,Lower_secondary
SDN,Sudan,SSA,ESA,Least Developed,50,52,49,41,69,26,33,39,60,88,Lower_secondary
SUR,Suriname,LAC,LAC,Less Developed,49,58,41,36,54,23,35,54,60,77,Lower_secondary
SWE,Sweden,ECA,WE,More Developed,,,,,,,,,,,Lower_secondary
CHE,Switzerland,ECA,WE,More Developed,,,,,,,,,,,Lower_secondary
SYR,Syrian Arab Republic,MENA,MENA,Less Developed,,,,,,,,,,,Lower_secondary
TJK,Tajikistan,ECA,EECA,Less Developed,94,93,95,94,95,93,91,95,95,96,Lower_secondary
THA,Thailand,EAP,EAP,Less Developed,86,92,81,83,90,66,85,88,91,98,Lower_secondary
TLS,Timor-Leste,EAP,EAP,Least Developed,66,70,63,54,86,33,47,63,77,91,Lower_secondary
TGO,Togo,SSA,WCA,Least Developed,47,39,55,36,60,23,33,45,56,68,Lower_secondary
TKL,Tokelau,EAP,EAP,Not Classified,,,,,,,,,,,Lower_secondary
TON,Tonga,EAP,EAP,Less Developed,71,76,65,67,82,52,56,68,84,90,Lower_secondary
TTO,Trinidad and Tobago,LAC,LAC,Less Developed,,,,,,,,,,,Lower_secondary
TUN,Tunisia,MENA,MENA,Less Developed,74,80,68,59,82,53,67,78,85,95,Lower_secondary
TUR,Turkey,ECA,EECA,Less Developed,94,92,96,91,95,83,93,97,96,100,Lower_secondary
TKM,Turkmenistan,ECA,EECA,Less Developed,100,100,99,100,99,99,99,100,100,99,Lower_secondary
TCA,Turks and Caicos Islands,LAC,LAC,Not Classified,,,,,,,,,,,Lower_secondary
TUV,Tuvalu,EAP,EAP,Least Developed,,,,,,,,,,,Lower_secondary
UGA,Uganda,SSA,ESA,Least Developed,25,23,27,17,45,7,10,16,28,52,Lower_secondary
UKR,Ukraine,ECA,EECA,More Developed,100,100,100,100,100,100,99,100,100,100,Lower_secondary
ARE,United Arab Emirates,MENA,MENA,Less Developed,,,,,,,,,,,Lower_secondary
GBR,United Kingdom,ECA,WE,More Developed,,,,,,,,,,,Lower_secondary
TZA,United Republic of Tanzania,SSA,ESA,Least Developed,29,27,31,17,48,7,8,17,30,60,Lower_secondary
USA,United States,NA,NA,More Developed,,,,,,,,,,,Lower_secondary
URY,Uruguay,LAC,LAC,Less Developed,69,73,66,52,70,29,70,66,87,85,Lower_secondary
UZB,Uzbekistan,ECA,EECA,Less Developed,,,,,,,,,,,Lower_secondary
VUT,Vanuatu,EAP,EAP,Least Developed,,,,,,,,,,,Lower_secondary
VEN,Venezuela (Bolivarian Republic of),LAC,LAC,Less Developed,,,,,,,,,,,Lower_secondary
VNM,Viet Nam,EAP,EAP,Less Developed,84,87,81,81,89,60,84,88,93,98,Lower_secondary
YEM,Yemen,MENA,MENA,Least Developed,46,39,55,37,65,19,34,46,52,73,Lower_secondary
ZMB,Zambia,SSA,ESA,Least Developed,52,50,54,34,73,15,28,49,63,87,Lower_secondary
ZWE,Zimbabwe,SSA,ESA,Less Developed,49,53,45,38,72,21,35,43,58,79,Lower_secondary
AFG,Afghanistan,SA,SA,Least Developed,23,14,32,17,39,11,14,13,23,46,Upper_secondary
ALB,Albania,ECA,EECA,More Developed,78,80,76,69,83,56,71,78,86,94,Upper_secondary
DZA,Algeria,MENA,MENA,Less Developed,29,37,22,23,33,17,20,27,33,50,Upper_secondary
AND,Andorra,ECA,WE,More Developed,,,,,,,,,,,Upper_secondary
AGO,Angola,SSA,ESA,Least Developed,19,15,24,4,25,1,2,6,20,50,Upper_secondary
AIA,Anguilla,LAC,LAC,Not Classified,,,,,,,,,,,Upper_secondary
ATG,Antigua and Barbuda,LAC,LAC,Less Developed,,,,,,,,,,,Upper_secondary
ARG,Argentina,LAC,LAC,Less Developed,49,53,46,,,29,41,43,59,78,Upper_secondary
ARM,Armenia,ECA,EECA,Less Developed,75,79,69,61,85,55,68,75,86,87,Upper_secondary
AUS,Australia,EAP,EAP,More Developed,,,,,,,,,,,Upper_secondary
AUT,Austria,ECA,WE,More Developed,,,,,,,,,,,Upper_secondary
AZE,Azerbaijan,ECA,EECA,Less Developed,,,,,,,,,,,Upper_secondary
BHS,Bahamas,LAC,LAC,Less Developed,,,,,,,,,,,Upper_secondary
BHR,Bahrain,MENA,MENA,Less Developed,,,,,,,,,,,Upper_secondary
BGD,Bangladesh,SA,SA,Least Developed,29,27,32,28,35,12,20,27,33,50,Upper_secondary
BRB,Barbados,LAC,LAC,Less Developed,94,97,91,97,92,88,93,94,97,97,Upper_secondary
BLR,Belarus,ECA,EECA,More Developed,92,94,91,90,93,78,92,94,96,97,Upper_secondary
BEL,Belgium,ECA,WE,More Developed,,,,,,,,,,,Upper_secondary
BLZ,Belize,LAC,LAC,Less Developed,49,51,48,41,60,18,34,50,70,74,Upper_secondary
BEN,Benin,SSA,WCA,Least Developed,8,5,12,4,15,1,2,4,6,25,Upper_secondary
BTN,Bhutan,SA,SA,Least Developed,21,18,25,15,35,6,9,13,23,53,Upper_secondary
BOL,Bolivia (Plurinational State of),LAC,LAC,Less Developed,,,,,,,,,,,Upper_secondary
BIH,Bosnia and Herzegovina,ECA,EECA,More Developed,92,92,92,90,97,71,90,93,97,98,Upper_secondary
BWA,Botswana,SSA,ESA,Less Developed,61,66,55,37,70,,,,,,Upper_secondary
BRA,Brazil,LAC,LAC,Less Developed,70,75,65,50,73,47,61,75,82,94,Upper_secondary
VGB,British Virgin Islands,LAC,LAC,Not Classified,,,,,,,,,,,Upper_secondary
BRN,Brunei Darussalam,EAP,EAP,Less Developed,,,,,,,,,,,Upper_secondary
BGR,Bulgaria,ECA,EECA,More Developed,,,,,,,,,,,Upper_secondary
BFA,Burkina Faso,SSA,WCA,Least Developed,4,2,6,0,11,0,0,0,0,12,Upper_secondary
BDI,Burundi,SSA,ESA,Least Developed,4,3,4,1,14,0,0,1,3,10,Upper_secondary
CPV,Cabo Verde,SSA,WCA,Less Developed,,,,,,,,,,,Upper_secondary
KHM,Cambodia,EAP,EAP,Least Developed,20,20,20,13,48,5,6,11,20,48,Upper_secondary
CMR,Cameroon,SSA,WCA,Less Developed,23,21,26,7,33,1,4,10,24,52,Upper_secondary
CAN,Canada,NA,NA,More Developed,,,,,,,,,,,Upper_secondary
CAF,Central African Republic,SSA,WCA,Least Developed,7,6,8,1,14,0,1,2,6,22,Upper_secondary
TCD,Chad,SSA,WCA,Least Developed,10,6,15,2,26,1,2,3,3,27,Upper_secondary
CHL,Chile,LAC,LAC,Less Developed,86,88,83,78,87,,,,,,Upper_secondary
CHN,China,EAP,EAP,Less Developed,65,67,63,42,77,,,,,,Upper_secondary
COL,Colombia,LAC,LAC,Less Developed,74,78,69,47,81,40,64,75,89,95,Upper_secondary
COM,Comoros,SSA,ESA,Least Developed,28,32,24,20,43,4,21,27,32,49,Upper_secondary
COG,Congo,SSA,WCA,Less Developed,23,19,28,3,29,0,4,13,27,54,Upper_secondary
COK,Cook Islands,EAP,EAP,Less Developed,,,,,,,,,,,Upper_secondary
CRI,Costa Rica,LAC,LAC,Less Developed,58,60,56,52,60,25,44,62,72,86,Upper_secondary
CIV,Côte d'Ivoire,SSA,WCA,Less Developed,16,15,17,3,25,2,3,8,13,40,Upper_secondary
HRV,Croatia,ECA,EECA,More Developed,,,,,,,,,,,Upper_secondary
CUB,Cuba,LAC,LAC,Less Developed,86,86,85,83,86,,,,,,Upper_secondary
CYP,Cyprus,ECA,WE,More Developed,,,,,,,,,,,Upper_secondary
CZE,Czechia,ECA,WE,More Developed,,,,,,,,,,,Upper_secondary
PRK,Democratic People's Republic of Korea,EAP,EAP,Less Developed,100,100,100,100,100,100,,,,,Upper_secondary
COD,Democratic Republic of the Congo,SSA,WCA,Least Developed,31,27,36,12,47,8,9,17,30,64,Upper_secondary
DNK,Denmark,ECA,WE,More Developed,,,,,,,,,,,Upper_secondary
DJI,Djibouti,SSA,ESA,Least Developed,,,,,,,,,,,Upper_secondary
DMA,Dominica,LAC,LAC,Less Developed,,,,,,,,,,,Upper_secondary
DOM,Dominican Republic,LAC,LAC,Less Developed,57,66,48,43,62,25,43,57,71,89,Upper_secondary
ECU,Ecuador,LAC,LAC,Less Developed,79,79,78,67,85,,,,,,Upper_secondary
EGY,Egypt,MENA,MENA,Less Developed,42,41,43,33,57,26,28,35,46,73,Upper_secondary
SLV,El Salvador,LAC,LAC,Less Developed,35,36,34,20,45,9,22,31,43,71,Upper_secondary
GNQ,Equatorial Guinea,SSA,WCA,Less Developed,,,,,,,,,,,Upper_secondary
ERI,Eritrea,SSA,ESA,Least Developed,,,,,,,,,,,Upper_secondary
EST,Estonia,ECA,WE,More Developed,,,,,,,,,,,Upper_secondary
SWZ,Eswatini,SSA,ESA,Less Developed,32,33,31,28,43,12,19,33,35,56,Upper_secondary
ETH,Ethiopia,SSA,ESA,Least Developed,12,14,11,5,39,2,2,4,7,34,Upper_secondary
FJI,Fiji,EAP,EAP,Less Developed,,,,,,,,,,,Upper_secondary
FIN,Finland,ECA,WE,More Developed,,,,,,,,,,,Upper_secondary
FRA,France,ECA,WE,More Developed,,,,,,,,,,,Upper_secondary
GAB,Gabon,SSA,WCA,Less Developed,14,14,14,4,15,0,4,10,14,36,Upper_secondary
GMB,Gambia,SSA,WCA,Least Developed,30,28,33,13,40,11,15,21,31,50,Upper_secondary
GEO,Georgia,ECA,EECA,Less Developed,81,83,79,68,88,56,75,85,87,96,Upper_secondary
DEU,Germany,ECA,WE,More Developed,,,,,,,,,,,Upper_secondary
GHA,Ghana,SSA,WCA,Less Developed,10,9,12,4,16,1,2,5,8,30,Upper_secondary
GRC,Greece,ECA,WE,More Developed,,,,,,,,,,,Upper_secondary
GRD,Grenada,LAC,LAC,Less Developed,,,,,,,,,,,Upper_secondary
GTM,Guatemala,LAC,LAC,Less Developed,26,25,27,15,41,3,8,20,35,60,Upper_secondary
GIN,Guinea,SSA,WCA,Least Developed,16,13,22,2,33,0,2,2,12,45,Upper_secondary
GNB,Guinea-Bissau,SSA,WCA,Least Developed,11,8,14,4,19,3,2,7,12,23,Upper_secondary
GUY,Guyana,LAC,LAC,Less Developed,56,64,49,53,66,26,38,61,71,79,Upper_secondary
HTI,Haiti,LAC,LAC,Least Developed,17,16,17,8,26,1,6,8,17,40,Upper_secondary
VAT,Holy See,ECA,WE,Not Classified,,,,,,,,,,,Upper_secondary
HND,Honduras,LAC,LAC,Less Developed,32,35,29,17,44,7,20,26,38,63,Upper_secondary
HUN,Hungary,ECA,WE,More Developed,,,,,,,,,,,Upper_secondary
ISL,Iceland,ECA,WE,More Developed,,,,,,,,,,,Upper_secondary
IND,India,SA,SA,Less Developed,43,40,46,36,56,13,25,38,53,76,Upper_secondary
IDN,Indonesia,EAP,EAP,Less Developed,38,37,40,21,57,17,25,33,44,64,Upper_secondary
IRN,Iran (Islamic Republic of),MENA,MENA,Less Developed,,,,,,,,,,,Upper_secondary
IRQ,Iraq,MENA,MENA,Less Developed,44,43,45,40,46,23,33,37,57,67,Upper_secondary
IRL,Ireland,ECA,WE,More Developed,,,,,,,,,,,Upper_secondary
ISR,Israel,MENA,MENA,More Developed,,,,,,,,,,,Upper_secondary
ITA,Italy,ECA,WE,More Developed,,,,,,,,,,,Upper_secondary
JAM,Jamaica,LAC,LAC,Less Developed,82,83,80,82,82,62,84,80,91,93,Upper_secondary
JPN,Japan,EAP,EAP,More Developed,,,,,,,,,,,Upper_secondary
JOR,Jordan,MENA,MENA,Less Developed,56,63,49,48,57,24,38,54,68,82,Upper_secondary
KAZ,Kazakhstan,ECA,EECA,Less Developed,95,96,95,93,97,89,94,96,97,99,Upper_secondary
KEN,Kenya,SSA,ESA,Less Developed,41,38,44,27,56,11,21,32,48,69,Upper_secondary
KIR,Kiribati,EAP,EAP,Least Developed,17,20,13,6,24,4,5,10,18,38,Upper_secondary
KWT,Kuwait,MENA,MENA,Less Developed,,,,,,,,,,,Upper_secondary
KGZ,Kyrgyzstan,ECA,EECA,Less Developed,87,85,89,84,91,78,85,81,89,96,Upper_secondary
LAO,Lao People's Democratic Republic,EAP,EAP,Least Developed,31,31,32,19,56,4,16,26,40,69,Upper_secondary
LVA,Latvia,ECA,WE,More Developed,,,,,,,,,,,Upper_secondary
LBN,Lebanon,MENA,MENA,Less Developed,,,,,,,,,,,Upper_secondary
LSO,Lesotho,SSA,ESA,Least Developed,32,37,27,20,50,4,17,24,46,61,Upper_secondary
LBR,Liberia,SSA,WCA,Least Developed,13,9,18,4,19,2,4,4,13,31,Upper_secondary
LBY,Libya,MENA,MENA,Less Developed,,,,,,,,,,,Upper_secondary
LIE,Liechtenstein,ECA,WE,More Developed,,,,,,,,,,,Upper_secondary
LTU,Lithuania,ECA,WE,More Developed,,,,,,,,,,,Upper_secondary
LUX,Luxembourg,ECA,WE,More Developed,,,,,,,,,,,Upper_secondary
MDG,Madagascar,SSA,ESA,Least Developed,15,15,16,10,30,1,1,5,13,44,Upper_secondary
MWI,Malawi,SSA,ESA,Least Developed,14,13,15,10,34,2,5,8,15,37,Upper_secondary
MYS,Malaysia,EAP,EAP,Less Developed,,,,,,,,,,,Upper_secondary
MDV,Maldives,SA,SA,Less Developed,,,,,,,,,,,Upper_secondary
MLI,Mali,SSA,WCA,Least Developed,17,12,23,9,41,0,4,6,19,45,Upper_secondary
MLT,Malta,ECA,WE,More Developed,,,,,,,,,,,Upper_secondary
MHL,Marshall Islands,EAP,EAP,Less Developed,,,,,,,,,,,Upper_secondary
MRT,Mauritania,SSA,WCA,Least Developed,27,23,31,27,27,30,22,26,21,34,Upper_secondary
MUS,Mauritius,SSA,ESA,Less Developed,,,,,,,,,,,Upper_secondary
MEX,Mexico,LAC,LAC,Less Developed,58,60,56,42,63,,,,,,Upper_secondary
FSM,Micronesia (Federated States of),EAP,EAP,Less Developed,,,,,,,,,,,Upper_secondary
MCO,Monaco,ECA,WE,More Developed,,,,,,,,,,,Upper_secondary
MNG,Mongolia,EAP,EAP,Less Developed,66,73,60,35,78,26,49,63,87,95,Upper_secondary
MNE,Montenegro,ECA,EECA,More Developed,86,90,83,86,86,54,83,91,99,100,Upper_secondary
MSR,Montserrat,LAC,LAC,Not Classified,,,,,,,,,,,Upper_secondary
MAR,Morocco,MENA,MENA,Less Developed,,,,,,,,,,,Upper_secondary
MOZ,Mozambique,SSA,ESA,Least Developed,7,5,8,1,14,0,1,1,3,20,Upper_secondary
MMR,Myanmar,EAP,EAP,Least Developed,17,19,14,10,32,1,5,10,17,45,Upper_secondary
NAM,Namibia,SSA,ESA,Less Developed,36,39,33,18,47,8,13,27,46,65,Upper_secondary
NRU,Nauru,EAP,EAP,Less Developed,,,,,,,,,,,Upper_secondary
NPL,Nepal,SA,SA,Least Developed,27,28,27,14,33,10,14,17,30,59,Upper_secondary
NLD,Netherlands,ECA,WE,More Developed,,,,,,,,,,,Upper_secondary
NZL,New Zealand,EAP,EAP,More Developed,,,,,,,,,,,Upper_secondary
NIC,Nicaragua,LAC,LAC,Less Developed,,,,,,,,,,,Upper_secondary
NER,Niger,SSA,WCA,Least Developed,2,1,4,0,9,0,0,0,0,8,Upper_secondary
NGA,Nigeria,SSA,WCA,Less Developed,49,44,57,34,71,12,28,50,72,88,Upper_secondary
NIU,Niue,EAP,EAP,Less Developed,,,,,,,,,,,Upper_secondary
MKD,North Macedonia,ECA,EECA,More Developed,83,79,86,84,82,56,78,86,99,100,Upper_secondary
NOR,Norway,ECA,WE,More Developed,,,,,,,,,,,Upper_secondary
OMN,Oman,MENA,MENA,Less Developed,,,,,,,,,,,Upper_secondary
PAK,Pakistan,SA,SA,Less Developed,23,23,24,15,35,1,8,15,30,55,Upper_secondary
PLW,Palau,EAP,EAP,Less Developed,,,,,,,,,,,Upper_secondary
PAN,Panama,LAC,LAC,Less Developed,63,68,57,38,72,21,45,66,82,95,Upper_secondary
PNG,Papua New Guinea,EAP,EAP,Less Developed,,,,,,,,,,,Upper_secondary
PRY,Paraguay,LAC,LAC,Less Developed,63,67,60,44,72,34,44,56,77,83,Upper_secondary
PER,Peru,LAC,LAC,Less Developed,75,72,78,47,83,34,59,78,89,95,Upper_secondary
PHL,Philippines,EAP,EAP,Less Developed,78,83,74,73,83,46,71,83,89,94,Upper_secondary
POL,Poland,ECA,WE,More Developed,,,,,,,,,,,Upper_secondary
PRT,Portugal,ECA,WE,More Developed,,,,,,,,,,,Upper_secondary
QAT,Qatar,MENA,MENA,Less Developed,,,,,,,,,,,Upper_secondary
KOR,Republic of Korea,EAP,EAP,Less Developed,,,,,,,,,,,Upper_secondary
MDA,Republic of Moldova,ECA,EECA,More Developed,67,71,63,53,82,25,52,64,80,87,Upper_secondary
ROU,Romania,ECA,EECA,More Developed,,,,,,,,,,,Upper_secondary
RUS,Russian Federation,ECA,EECA,More Developed,,,,,,,,,,,Upper_secondary
RWA,Rwanda,SSA,ESA,Least Developed,17,16,19,11,38,4,5,11,16,42,Upper_secondary
KNA,Saint Kitts and Nevis,LAC,LAC,Less Developed,,,,,,,,,,,Upper_secondary
LCA,Saint Lucia,LAC,LAC,Less Developed,80,90,70,81,77,54,80,85,93,96,Upper_secondary
VCT,Saint Vincent and the Grenadines,LAC,LAC,Less Developed,,,,,,,,,,,Upper_secondary
WSM,Samoa,EAP,EAP,Less Developed,,,,,,,,,,,Upper_secondary
SMR,San Marino,ECA,WE,More Developed,,,,,,,,,,,Upper_secondary
STP,Sao Tome and Principe,SSA,WCA,Least Developed,6,8,4,4,8,2,2,2,5,20,Upper_secondary
SAU,Saudi Arabia,MENA,MENA,Less Developed,,,,,,,,,,,Upper_secondary
SEN,Senegal,SSA,WCA,Least Developed,10,10,11,4,16,2,4,6,12,23,Upper_secondary
SRB,Serbia,ECA,EECA,More Developed,76,81,71,68,80,44,73,79,80,95,Upper_secondary
SYC,Seychelles,SSA,ESA,Less Developed,,,,,,,,,,,Upper_secondary
SLE,Sierra Leone,SSA,WCA,Least Developed,22,18,27,5,33,2,3,12,24,41,Upper_secondary
SGP,Singapore,EAP,EAP,Less Developed,,,,,,,,,,,Upper_secondary
SVK,Slovakia,ECA,WE,More Developed,,,,,,,,,,,Upper_secondary
SVN,Slovenia,ECA,WE,More Developed,,,,,,,,,,,Upper_secondary
SLB,Solomon Islands,EAP,EAP,Least Developed,,,,,,,,,,,Upper_secondary
SOM,Somalia,SSA,ESA,Least Developed,,,,,,,,,,,Upper_secondary
ZAF,South Africa,SSA,ESA,Less Developed,48,52,45,34,56,23,36,50,59,78,Upper_secondary
SSD,South Sudan,SSA,ESA,Least Developed,7,4,12,4,13,1,2,5,5,15,Upper_secondary
ESP,Spain,ECA,WE,More Developed,,,,,,,,,,,Upper_secondary
LKA,Sri Lanka,SA,SA,Less Developed,38,43,32,35,49,15,28,35,47,68,Upper_secondary
PSE,State of Palestine,MENA,MENA,Less Developed,62,73,52,64,62,50,62,57,63,79,Upper_secondary
SDN,Sudan,SSA,ESA,Least Developed,31,28,33,22,47,11,11,19,33,69,Upper_secondary
SUR,Suriname,LAC,LAC,Less Developed,22,26,18,12,26,7,7,16,31,52,Upper_secondary
SWE,Sweden,ECA,WE,More Developed,,,,,,,,,,,Upper_secondary
CHE,Switzerland,ECA,WE,More Developed,,,,,,,,,,,Upper_secondary
SYR,Syrian Arab Republic,MENA,MENA,Less Developed,,,,,,,,,,,Upper_secondary
TJK,Tajikistan,ECA,EECA,Less Developed,70,63,80,68,74,63,63,66,73,79,Upper_secondary
THA,Thailand,EAP,EAP,Less Developed,65,72,59,58,71,38,59,63,73,88,Upper_secondary
TLS,Timor-Leste,EAP,EAP,Least Developed,52,55,49,36,76,19,28,43,61,81,Upper_secondary
TGO,Togo,SSA,WCA,Least Developed,21,12,31,9,32,1,7,18,26,37,Upper_secondary
TKL,Tokelau,EAP,EAP,Not Classified,,,,,,,,,,,Upper_secondary
TON,Tonga,EAP,EAP,Less Developed,51,56,45,50,55,20,37,54,66,75,Upper_secondary
TTO,Trinidad and Tobago,LAC,LAC,Less Developed,,,,,,,,,,,Upper_secondary
TUN,Tunisia,MENA,MENA,Less Developed,49,57,40,30,57,24,31,48,59,80,Upper_secondary
TUR,Turkey,ECA,EECA,Less Developed,47,44,51,26,52,13,35,46,62,82,Upper_secondary
TKM,Turkmenistan,ECA,EECA,Less Developed,94,95,93,94,94,89,94,97,94,96,Upper_secondary
TCA,Turks and Caicos Islands,LAC,LAC,Not Classified,,,,,,,,,,,Upper_secondary
TUV,Tuvalu,EAP,EAP,Least Developed,,,,,,,,,,,Upper_secondary
UGA,Uganda,SSA,ESA,Least Developed,17,15,18,11,30,3,6,7,14,38,Upper_secondary
UKR,Ukraine,ECA,EECA,More Developed,97,97,97,94,98,91,97,98,98,99,Upper_secondary
ARE,United Arab Emirates,MENA,MENA,Less Developed,,,,,,,,,,,Upper_secondary
GBR,United Kingdom,ECA,WE,More Developed,,,,,,,,,,,Upper_secondary
TZA,United Republic of Tanzania,SSA,ESA,Least Developed,29,27,32,17,49,6,8,15,29,62,Upper_secondary
USA,United States,NA,NA,More Developed,,,,,,,,,,,Upper_secondary
URY,Uruguay,LAC,LAC,Less Developed,38,29,48,20,40,5,13,41,49,91,Upper_secondary
UZB,Uzbekistan,ECA,EECA,Less Developed,,,,,,,,,,,Upper_secondary
VUT,Vanuatu,EAP,EAP,Least Developed,,,,,,,,,,,Upper_secondary
VEN,Venezuela (Bolivarian Republic of),LAC,LAC,Less Developed,,,,,,,,,,,Upper_secondary
VNM,Viet Nam,EAP,EAP,Less Developed,56,61,50,48,71,19,44,56,70,90,Upper_secondary
YEM,Yemen,MENA,MENA,Least Developed,30,23,37,20,47,9,15,25,33,56,Upper_secondary
ZMB,Zambia,SSA,ESA,Least Developed,30,27,33,13,47,3,8,20,32,66,Upper_secondary
ZWE,Zimbabwe,SSA,ESA,Less Developed,15,14,17,6,29,1,3,7,17,37,Upper_secondary